19-4-2021,16:27:34,LS,admin
19-4-2021,16:27:43,LO,admin
19-4-2021,16:27:50,LS,Qu
19-4-2021,16:27:57,LO,Qu
19-4-2021,16:32:34,LS,admin
19-4-2021,17:2:21,LS,admin
19-4-2021,17:2:46,LO,admin
19-4-2021,17:3:0,LS,B
19-4-2021,17:4:1,SPC,B
19-4-2021,17:4:58,SPC,B
19-4-2021,17:5:17,SPC,B
19-4-2021,18:4:58,LS,A
19-4-2021,18:10:15,LS,A
19-4-2021,18:10:30,LO,A
19-4-2021,18:10:44,LS,D
19-4-2021,18:12:36,LS,D
19-4-2021,18:13:40,LS,D
19-4-2021,18:15:57,LS,D
19-4-2021,18:16:27,LS,D
19-4-2021,18:20:35,LS,D
19-4-2021,18:23:5,LS,D
19-4-2021,18:24:41,LS,D
19-4-2021,18:40:23,LS,D
19-4-2021,18:41:35,LO,D
19-4-2021,18:42:15,LS,admin
19-4-2021,18:42:29,LO,admin
19-4-2021,18:42:32,LS,D
19-4-2021,18:44:15,LS,D
19-4-2021,19:1:48,LS,D
19-4-2021,19:2:46,LS,D
19-4-2021,19:15:29,LS,D
19-4-2021,19:17:12,LS,D
19-4-2021,19:19:21,LS,D
19-4-2021,19:22:28,LS,D
19-4-2021,19:28:39,LS,D
19-4-2021,19:29:53,LS,A
19-4-2021,19:33:58,LS,A
19-4-2021,19:38:24,LS,A
19-4-2021,19:39:6,LS,A
19-4-2021,19:40:36,LS,A
19-4-2021,19:46:25,LS,A
19-4-2021,19:47:43,LS,A
19-4-2021,19:50:38,LS,A
19-4-2021,19:52:12,LS,A
19-4-2021,19:53:41,LS,A
19-4-2021,19:59:2,LS,A
19-4-2021,21:9:29,LS,A
19-4-2021,21:12:14,LS,A
19-4-2021,21:13:2,LS,A
19-4-2021,21:13:42,LS,A
19-4-2021,21:13:58,LS,A
19-4-2021,21:15:54,LS,A
19-4-2021,21:19:6,LS,A
19-4-2021,21:22:52,LS,A
19-4-2021,21:24:36,LS,A
19-4-2021,21:28:32,LS,A
19-4-2021,21:30:2,LS,A
19-4-2021,21:34:13,LS,A
19-4-2021,21:35:39,LS,A
19-4-2021,21:40:34,LS,A
19-4-2021,22:8:57,LS,A
19-4-2021,22:11:4,LS,A
19-4-2021,22:11:49,LS,A
19-4-2021,22:16:9,LS,A
19-4-2021,22:26:35,LS,A
19-4-2021,22:27:56,LS,A
19-4-2021,22:30:5,LS,A
19-4-2021,22:31:2,LS,A
19-4-2021,22:36:19,LS,A
19-4-2021,22:42:20,LS,A
19-4-2021,22:43:54,LS,A
19-4-2021,22:45:34,LS,A
19-4-2021,22:58:34,LS,A
19-4-2021,23:0:4,LS,A
19-4-2021,23:0:53,LS,A
19-4-2021,23:2:11,LS,A
19-4-2021,23:3:35,LS,A
19-4-2021,23:5:38,LS,A
19-4-2021,23:11:21,LS,A
19-4-2021,23:14:23,LS,A
19-4-2021,23:16:6,LS,A
19-4-2021,23:17:52,LS,A
19-4-2021,23:25:3,LS,A
19-4-2021,23:28:41,LS,A
19-4-2021,23:30:3,LS,A
19-4-2021,23:34:9,LS,B
19-4-2021,23:47:39,LS,A
19-4-2021,23:49:11,LS,A
19-4-2021,23:51:32,LS,A
19-4-2021,23:54:31,LS,A
19-4-2021,23:55:4,LS,A
19-4-2021,23:59:54,LS,A
26-4-2021,8:44:49,LS,A
26-4-2021,8:47:58,LS,A
26-4-2021,8:49:19,LS,A
26-4-2021,8:51:38,LS,A
26-4-2021,8:54:21,LS,A
26-4-2021,8:55:9,LS,A
26-4-2021,8:58:38,LS,A
26-4-2021,18:14:13,L1,admin
26-4-2021,18:14:13,LS,admin
26-4-2021,18:15:2,L1,admin
26-4-2021,18:15:2,LS,admin
26-4-2021,18:15:21,AU,admin
26-4-2021,18:15:29,LO,admin
26-4-2021,18:15:54,LS,admin
26-4-2021,18:15:56,LO,admin
26-4-2021,18:16:2,L1,A

26-4-2021,18:16:2,LS,A

26-4-2021,19:1:9,LS,A
26-4-2021,19:4:46,LS,A
26-4-2021,19:6:42,LS,A
26-4-2021,19:7:45,LS,A
26-4-2021,19:8:38,LS,A
26-4-2021,19:10:17,LS,A
26-4-2021,19:10:40,LS,A
26-4-2021,19:11:31,LS,A
26-4-2021,19:20:54,LS,A
26-4-2021,19:21:49,LO,A
26-4-2021,19:21:57,LS,admin
26-4-2021,19:22:2,AU,admin
26-4-2021,19:22:4,LO,admin
26-4-2021,19:22:12,L1,B

26-4-2021,19:22:12,LS,B

26-4-2021,19:24:20,LS,B
26-4-2021,19:32:18,LS,B
26-4-2021,19:35:54,LS,B
26-4-2021,19:42:4,LS,B
26-4-2021,19:46:7,LS,B
26-4-2021,19:53:35,LS,B
26-4-2021,20:25:10,LS,A
26-4-2021,20:26:26,LS,A
26-4-2021,20:28:38,LS,A
26-4-2021,20:32:2,LS,A
26-4-2021,20:36:18,LS,A
26-4-2021,20:40:52,LS,A
26-4-2021,20:41:31,LS,A
26-4-2021,20:44:26,LS,A
26-4-2021,20:46:58,LS,A
26-4-2021,20:48:56,LS,A
26-4-2021,20:49:27,LS,A
26-4-2021,20:50:7,LS,A
26-4-2021,20:51:27,LS,A
26-4-2021,20:52:57,LS,A
26-4-2021,20:55:30,LS,A
26-4-2021,20:55:55,LS,A
26-4-2021,20:56:49,LS,A
26-4-2021,21:1:51,LS,A
26-4-2021,21:4:4,LS,A
26-4-2021,21:5:35,LS,A
26-4-2021,21:7:33,LS,A
26-4-2021,21:15:3,LS,A
